id,first_name,email,gender,origin,destination
1,Errol Farrer,efarrer0@facebook.com,Male,SLT,KSW
2,Etienne Crosston,ecrosston1@phpbb.com,Male,SLT,KSW
3,Susann Rochford,srochford2@google.it,Female,VAN,AKD
4,Anjela Mackro,amackro3@cbslocal.com,Genderfluid,LEQ,SNS
5,Brinna Camplen,bcamplen4@webeden.co.uk,Female,FLE,KRY
6,Bryana Leyden,bleyden5@oakley.com,Female,LBA,UHE
7,Chrysa Haffner,chaffner6@hhs.gov,Non-binary,KKL,VOI
8,Lesly Webling,lwebling7@goo.ne.jp,Female,CGC,PQD
9,Arne Stainsby,astainsby8@japanpost.jp,Male,DAX,KGW
10,Leah Wicklin,lwicklin9@taobao.com,Female,MAP,PEM
11,Florie Densumbe,fdensumbea@hexun.com,Female,CRJ,CRS
12,Gerrilee Fery,gferyb@printfriendly.com,Female,BLA,ORF
13,Arthur Cattroll,acattrollc@163.com,Male,BIS,NTA
14,Jacky Greig,jgreigd@illinois.edu,Male,AHH,LYT
15,Luca Lucus,llucuse@furl.net,Male,NKT,GSR
16,Philbert Hegge,pheggef@sina.com.cn,Male,BRO,KNE
17,Phyllida Torbeck,ptorbeckg@webnode.com,Female,LFO,AYD
18,Cody Sherbrooke,csherbrookeh@paginegialle.it,Male,DND,ESA
19,Skip Cominoli,scominolii@mapquest.com,Male,YOI,TCW
20,Gwendolin Derle,gderlej@miibeian.gov.cn,Female,WUX,MVY
21,Richy Sainthill,rsainthillk@shareasale.com,Male,RKW,0
22,Ulrick Capron,ucapronl@feedburner.com,Male,KIF,BAZ
23,Rebeca Gislebert,rgislebertm@istockphoto.com,Female,JRO,CJB
24,Germayne Blacksland,gblackslandn@cargocollective.com,Male,NMT,BFV
25,Bobinette Kleinsmuntz,bkleinsmuntzo@cafepress.com,Female,LIF,HMN
26,Jenine Mitchell,jmitchellp@amazon.co.jp,Female,BSO,ALJ
27,Mariam Wassell,mwassellq@g.co,Agender,BHU,SLP
28,Nadeen Durnford,ndurnfordr@google.it,Female,PIC,CDF
29,Rriocard Brockwell,rbrockwells@goo.gl,Male,GLL,FXY
30,Alexia Itzchaky,aitzchakyt@dell.com,Female,JEQ,WSX
31,Tabby Collumbell,tcollumbellu@icio.us,Male,BGF,BSY
32,Tiffanie Paschke,tpaschkev@nhs.uk,Non-binary,BGC,CNT
33,Ajay Cancutt,acancuttw@photobucket.com,Female,KZI,MFF
34,Mirabel Morgen,mmorgenx@studiopress.com,Female,AXD,BRU
35,Celinda Silbermann,csilbermanny@ihg.com,Female,FLF,KEM
36,Rutter Coare,rcoarez@ow.ly,Male,QJB,SPJ
37,Uriel Twiddell,utwiddell10@japanpost.jp,Male,HTW,YAO
38,Darwin McNaught,dmcnaught11@usa.gov,Male,CZO,SQZ
39,Karlie Wayte,kwayte12@usatoday.com,Female,MJV,WGY
40,Logan Cardiff,lcardiff13@ning.com,Male,TUX,MYD
41,Ailey Mulhall,amulhall14@ftc.gov,Genderqueer,YJP,CCC
42,Mareah Shera,mshera15@wunderground.com,Female,RMU,TJN
43,Kylynn Longhirst,klonghirst16@epa.gov,Female,KAP,OES
44,Willem O'Hallihane,wohallihane17@mapquest.com,Male,CBM,QJP
45,Blondell Wallbrook,bwallbrook18@independent.co.uk,Female,ALS,TNW
46,Frazer Warkup,fwarkup19@nytimes.com,Male,NNL,OYN
47,Enrichetta Chandlar,echandlar1a@ihg.com,Female,UIR,MYZ
48,Jennica Doulden,jdoulden1b@diigo.com,Female,MPZ,SOM
49,Filmore Leeming,fleeming1c@loc.gov,Male,NUB,TNT
50,Arabel King,aking1d@biglobe.ne.jp,Polygender,KEP,BBK
51,Melony O'Cuddie,mocuddie1e@usnews.com,Female,AIL,IRG
52,Larine Wilstead,lwilstead1f@xrea.com,Female,CJB,HVK
53,Nicolle Donnell,ndonnell1g@statcounter.com,Female,ELS,PIO
54,Alis Bellam,abellam1h@apple.com,Bigender,RJN,THE
55,Willette MacCrachen,wmaccrachen1i@hostgator.com,Female,KLX,HVK
56,Jammal Coolican,jcoolican1j@state.gov,Male,ISU,GHA
57,Malchy Sharratt,msharratt1k@google.com.au,Male,SBV,KTH
58,Marian Kemwal,mkemwal1l@clickbank.net,Female,NOG,HJJ
59,Bondie Szubert,bszubert1m@symantec.com,Male,ELP,RMG
60,Benny Coners,bconers1n@cdc.gov,Female,TLA,CQF
61,Alyss Atwel,aatwel1o@sciencedirect.com,Female,CHF,HYL
62,Tannie De Bischof,tde1p@cornell.edu,Male,CPQ,DBM
63,Danell Matula,dmatula1q@usda.gov,Female,FBY,RPV
64,Goddard Drewitt,gdrewitt1r@people.com.cn,Genderqueer,CFO,DZA
65,Kean Goroni,kgoroni1s@vkontakte.ru,Male,HZH,KNX
66,Inger Gresser,igresser1t@google.com,Female,WLA,PBB
67,Jehu Groome,jgroome1u@tamu.edu,Male,FYU,GOC
68,Sharyl Radley,sradley1v@alibaba.com,Non-binary,BWH,EMA
69,Teresita Gildroy,tgildroy1w@is.gd,Female,PNG,ALN
70,Hilda Bulley,hbulley1x@berkeley.edu,Female,ZTB,INL
71,Ernesto Sauvain,esauvain1y@home.pl,Genderfluid,EGO,TKC
72,Karna Hawson,khawson1z@seattletimes.com,Female,ORJ,XMY
73,Robinetta Pepall,rpepall20@umn.edu,Female,NGF,GHC
74,Wilmer Stiggles,wstiggles21@mayoclinic.com,Male,HZH,BXA
75,Jordan Glozman,jglozman22@chicagotribune.com,Female,DOO,CFC
76,Ileana Syson,isyson23@google.co.jp,Female,ILR,LBQ
77,Charlotta Manoch,cmanoch24@accuweather.com,Female,EDA,NEN
78,Krisha Grigoryev,kgrigoryev25@reverbnation.com,Male,CIJ,MAJ
79,Jsandye Corriea,jcorriea26@elpais.com,Female,YKN,LRR
80,Isidore Cardno,icardno27@blogtalkradio.com,Male,PIK,RIJ
81,Rickard Aldridge,raldridge28@mac.com,Male,CWJ,GAJ
82,Mirabelle Passey,mpassey29@google.pl,Female,GUB,SVH
83,Percival Stidston,pstidston2a@ucoz.ru,Genderfluid,LBJ,KIC
84,Lorilyn Racine,lracine2b@amazon.co.uk,Female,SYT,WVK
85,Rodney Dowson,rdowson2c@csmonitor.com,Male,WAB,YHU
86,Goldy Gale,ggale2d@nydailynews.com,Female,CAL,ZPH
87,Cherrita Chapleo,cchapleo2e@shareasale.com,Female,KLQ,BLY
88,Drucill Maleck,dmaleck2f@hibu.com,Female,SLC,KJA
89,Dianemarie Jeanin,djeanin2g@nps.gov,Female,YOE,NUR
90,Cornelius Maxworthy,cmaxworthy2h@toplist.cz,Male,TBZ,BLA
91,Veronike Sibary,vsibary2i@squidoo.com,Female,NHA,BDX
92,Pammie Puddan,ppuddan2j@lulu.com,Polygender,KGY,NYU
93,Maximilien Bohin,mbohin2k@si.edu,Genderqueer,BFV,SNZ
94,Winny Talkington,wtalkington2l@unesco.org,Genderqueer,RKV,URI
95,Caro Frew,cfrew2m@google.com.hk,Female,PIW,CST
96,Corbet Everson,ceverson2n@google.com.hk,Male,PSX,KGE
97,Binky Kernar,bkernar2o@zimbio.com,Male,VIY,PZI
98,Brynna Normanvell,bnormanvell2p@netvibes.com,Female,PWQ,AFD
99,Pamelina Seaman,pseaman2q@accuweather.com,Female,CLG,GIU
100,Kristian Anscott,kanscott2r@dion.ne.jp,Bigender,XKS,BHJ
101,Orson Bryde,obryde2s@java.com,Male,CHN,FMU
102,Powell Yurukhin,pyurukhin2t@jimdo.com,Male,ADQ,TSV
103,Leoline Dibling,ldibling2u@paginegialle.it,Female,0,KGG
104,Sisile Durbin,sdurbin2v@auda.org.au,Female,SBA,GMN
105,Rockwell Housden,rhousden2w@pinterest.com,Male,JBB,AGB
106,Jena Richten,jrichten2x@purevolume.com,Female,FAQ,MSE
107,Lena Muffen,lmuffen2y@ezinearticles.com,Polygender,GTZ,BXX
108,Tiffi Jephcott,tjephcott2z@bloomberg.com,Female,TNI,GRT
109,Genni Mosedale,gmosedale30@php.net,Female,HGE,AYM
110,Alyssa Blayd,ablayd31@uol.com.br,Female,BJG,SLC
111,Adella Coulthurst,acoulthurst32@a8.net,Female,OUT,LEP
112,Virgie Saller,vsaller33@diigo.com,Male,BTX,LSQ
113,Octavia Jubert,ojubert34@cmu.edu,Female,UKB,WKK
114,Gratia Teaze,gteaze35@yandex.ru,Female,KKU,ERH
115,Case Ship,cship36@sfgate.com,Male,GKA,SQD
116,Ibby Blackborough,iblackborough37@com.com,Female,MVS,KSK
117,Abbie Stoyell,astoyell38@google.it,Female,IRK,JKR
118,Michaella MacLaverty,mmaclaverty39@exblog.jp,Polygender,CRS,DEN
119,Kipper Nuzzi,knuzzi3a@cloudflare.com,Male,DDD,URT
120,Jobi Barnfield,jbarnfield3b@sakura.ne.jp,Female,BGM,TKD
121,Margery Gritten,mgritten3c@howstuffworks.com,Female,BLE,WPC
122,Teirtza Measham,tmeasham3d@ucoz.com,Female,AJF,MND
123,Emmet Spradbrow,espradbrow3e@netlog.com,Male,OKF,VPG
124,Lorna Codeman,lcodeman3f@mashable.com,Female,TOG,ERV
125,Teddy Matysik,tmatysik3g@ow.ly,Male,TKL,ROX
126,Lyn Lukock,llukock3h@cbc.ca,Male,PMX,WRA
127,Tandy Bottby,tbottby3i@youtu.be,Female,TMT,IXA
128,Duffy Boddice,dboddice3j@nbcnews.com,Male,HIF,IOK
129,Bob Korpal,bkorpal3k@gnu.org,Male,BYV,DAB
130,Bethany Dobrowolski,bdobrowolski3l@google.com,Female,MRD,EMN
131,Catriona Baston,cbaston3m@arizona.edu,Agender,RET,VIU
132,Allan Stitch,astitch3n@xing.com,Male,CLT,MAU
133,Rinaldo Marrow,rmarrow3o@vistaprint.com,Male,QYD,CZS
134,Mirella Ollive,mollive3p@hibu.com,Female,FAY,RAT
135,Harv Heathwood,hheathwood3q@reddit.com,Male,ZER,BMQ
136,Zorina Armsby,zarmsby3r@wikimedia.org,Female,LGH,ANB
137,Molly Georgius,mgeorgius3s@answers.com,Female,SDT,OTM
138,Borden Jan,bjan3t@bizjournals.com,Male,VST,EUN
139,Holly Huddy,hhuddy3u@eepurl.com,Female,CTF,RHG
140,Kellie Krink,kkrink3v@vimeo.com,Female,FAI,PFB
141,Bird Heald,bheald3w@51.la,Female,SUF,BUL
142,Travers Nunan,tnunan3x@weebly.com,Male,ZBO,MGR
143,Stavro Patria,spatria3y@netscape.com,Male,PLN,RPR
144,Amitie Posnett,aposnett3z@lycos.com,Female,PTG,XCH
145,Tedie Benjamin,tbenjamin40@freewebs.com,Male,MAA,YEO
146,Vilma Schnitter,vschnitter41@time.com,Female,ZBE,PRQ
147,Arni Grestie,agrestie42@themeforest.net,Male,WLH,YAO
148,Johannes Batsford,jbatsford43@cam.ac.uk,Male,RST,AMQ
149,Darryl Methuen,dmethuen44@theguardian.com,Male,NNB,SNG
150,Aurore Mathys,amathys45@is.gd,Female,DRG,HBG
151,Tynan Brocklesby,tbrocklesby46@unicef.org,Male,DPL,DEP
152,Carmel Crimpe,ccrimpe47@wufoo.com,Female,GEM,YEO
153,Reamonn Dillestone,rdillestone48@ezinearticles.com,Male,RVA,YEK
154,Cassie Ryder,cryder49@nsw.gov.au,Male,LLU,IRG
155,Leodora Wrankmore,lwrankmore4a@acquirethisname.com,Female,FCS,IZA
156,Lorene Leftwich,lleftwich4b@alibaba.com,Polygender,DEZ,PWQ
157,Tobie Josiah,tjosiah4c@wikimedia.org,Male,ZAO,CCM
158,Dasi Cayser,dcayser4d@apple.com,Female,ADD,UTP
159,Jennilee Groundwator,jgroundwator4e@booking.com,Female,NMG,OSC
160,Lexi Salman,lsalman4f@cnbc.com,Female,VNT,PDF
161,Marcella Kauscher,mkauscher4g@goo.gl,Female,PPB,DEZ
162,Vittoria Burghall,vburghall4h@tripod.com,Female,KTB,YJN
163,Camala Volage,cvolage4i@cdc.gov,Female,AMB,OYP
164,Cyrill Steinham,csteinham4j@sourceforge.net,Male,KCL,BAY
165,Wylma Saker,wsaker4k@imageshack.us,Female,CHR,GRL
166,Cyrill Skerman,cskerman4l@scientificamerican.com,Genderfluid,NBL,AOI
167,Dexter Clee,dclee4m@sitemeter.com,Male,BOZ,BZP
168,Helaina Buxsey,hbuxsey4n@plala.or.jp,Female,YXI,UGO
169,Luce Stittle,lstittle4o@stanford.edu,Male,EMA,SWG
170,Hilde Tydd,htydd4p@sbwire.com,Female,WSU,CYW
171,Urbanus Ivermee,uivermee4q@cisco.com,Male,DPL,DBN
172,Yalonda Siddall,ysiddall4r@biglobe.ne.jp,Female,RYK,MYI
173,Fania Levett,flevett4s@newsvine.com,Female,WIK,OLL
174,Pegeen Quantrill,pquantrill4t@latimes.com,Bigender,APT,WHT
175,Paolo Guerrero,pguerrero4u@home.pl,Male,TYL,YEM
176,Winthrop Robins,wrobins4v@businessweek.com,Male,PPA,INO
177,Chase Lochead,clochead4w@bandcamp.com,Male,PBM,GUE
178,Kristoffer Brekonridge,kbrekonridge4x@shop-pro.jp,Male,BKW,DWN
179,Leeanne Beazer,lbeazer4y@elegantthemes.com,Female,ATF,CKG
180,Faye Kingcott,fkingcott4z@harvard.edu,Female,YUL,CCG
181,Elwyn Ledeker,eledeker50@trellian.com,Male,SYU,KRV
182,Florencia Rossetti,frossetti51@google.com.au,Female,JHL,ABK
183,Germaine Cogdell,gcogdell52@reference.com,Female,BNL,CIH
184,Sibylla Isakovitch,sisakovitch53@mit.edu,Female,ZKL,TZX
185,Querida Rengger,qrengger54@yolasite.com,Female,LFK,CQT
186,Virginie Nisen,vnisen55@sina.com.cn,Female,QCY,ESC
187,Myrta Warland,mwarland56@wix.com,Female,TMZ,RGO
188,Florrie Haskell,fhaskell57@walmart.com,Female,YEQ,DBU
189,Avictor Screen,ascreen58@narod.ru,Male,LAB,GIR
190,Bern Busk,bbusk59@marketwatch.com,Male,OBX,RES
191,Rutger Ralton,rralton5a@reddit.com,Male,PKR,BGC
192,Jacqueline Robertot,jrobertot5b@wordpress.com,Female,OMN,MHV
193,Rayner Randle,rrandle5c@disqus.com,Male,QIG,ELR
194,Nikos Rawes,nrawes5d@g.co,Genderqueer,LNK,YCH
195,Stacey Garden,sgarden5e@elegantthemes.com,Polygender,FMS,CAT
196,Herold Yewen,hyewen5f@drupal.org,Male,MOB,KMH
197,Ermanno Haibel,ehaibel5g@microsoft.com,Male,BJF,SFQ
198,Harmonie Muneely,hmuneely5h@tinyurl.com,Female,BGP,SLQ
199,Laney Hadaway,lhadaway5i@dion.ne.jp,Male,KOD,YWY
200,Arline Falkingham,afalkingham5j@odnoklassniki.ru,Female,UIH,ZEL
201,Angelika O' Scallan,ao5k@free.fr,Female,HGH,XIE
202,Lauryn Cattini,lcattini5l@bbb.org,Female,KUD,GND
203,Herold Linke,hlinke5m@paypal.com,Male,CER,KKO
204,Veronike Dampier,vdampier5n@bizjournals.com,Female,LSL,CVI
205,Renate Munnis,rmunnis5o@redcross.org,Female,GQQ,IEG
206,Eddie Pattemore,epattemore5p@wired.com,Male,GUC,BNR
207,Klaus Waddell,kwaddell5q@jiathis.com,Male,FIZ,BVH
208,Colene McLeoid,cmcleoid5r@prnewswire.com,Female,ALI,UOX
209,Adlai Placide,aplacide5s@instagram.com,Male,OTK,BRX
210,Case Letteresse,cletteresse5t@slate.com,Male,LIH,GBC
211,Bambie Naisey,bnaisey5u@sitemeter.com,Bigender,MRY,MFF
212,Fayina Jacks,fjacks5v@latimes.com,Female,YCM,YPW
213,Bernelle Gianinotti,bgianinotti5w@blogger.com,Female,MMX,MDD
214,Biddie Burrill,bburrill5x@fema.gov,Female,NAI,LIB
215,Meara Borer,mborer5y@seattletimes.com,Female,LRF,KOX
216,Raleigh Fitzsymon,rfitzsymon5z@whitehouse.gov,Male,STX,LPU
217,Walker McEntagart,wmcentagart60@weebly.com,Male,BFT,ANL
218,Delmar Petican,dpetican61@goodreads.com,Genderfluid,BSF,SVX
219,Sergei Chapling,schapling62@uol.com.br,Male,KEZ,FUB
220,Llywellyn Ormond,lormond63@springer.com,Polygender,XYE,MVZ
221,Gil Schafer,gschafer64@seesaa.net,Male,CGO,SSA
222,Lawrence Whatmough,lwhatmough65@apple.com,Male,MEL,MTF
223,Kenny Salsberg,ksalsberg66@paginegialle.it,Male,LKN,REH
224,Jaimie Linsay,jlinsay67@weebly.com,Male,RVI,PAL
225,Melisa Kaminski,mkaminski68@paypal.com,Female,AAI,TMU
226,Adiana Josovitz,ajosovitz69@creativecommons.org,Female,KAU,TUF
227,Jeromy Cossins,jcossins6a@quantcast.com,Male,KXE,PCO
228,Marline Pockey,mpockey6b@nps.gov,Female,SXO,HNM
229,Agustin Haxby,ahaxby6c@netvibes.com,Male,ENF,ENJ
230,Shanie Penas,spenas6d@indiatimes.com,Female,YNM,DSE
231,Faber Tipens,ftipens6e@shinystat.com,Male,YAQ,AXR
232,Matthew Metheringham,mmetheringham6f@yandex.ru,Male,MJV,GOJ
233,Francklin Eustice,feustice6g@apple.com,Male,AIL,YBK
234,Kalvin Maliffe,kmaliffe6h@symantec.com,Male,FLS,CAW
235,Evvie Duling,eduling6i@bigcartel.com,Female,PVC,ENW
236,Niven Atwill,natwill6j@house.gov,Male,FKS,RCK
237,Antin Frensch,afrensch6k@thetimes.co.uk,Male,KAJ,MGA
238,Arri Partlett,apartlett6l@washington.edu,Male,0,LPP
239,Der Tolomelli,dtolomelli6m@salon.com,Male,SSW,IZT
240,Boycey Cornillot,bcornillot6n@ftc.gov,Male,MWQ,CRZ
241,Guglielmo Retchless,gretchless6o@exblog.jp,Male,KCM,MAB
242,Martainn Obern,mobern6p@hibu.com,Male,BNE,PKK
243,Rodrique Eisak,reisak6q@blogtalkradio.com,Male,BWW,KEJ
244,Farr Charer,fcharer6r@symantec.com,Male,GYI,LYX
245,Antonella Hast,ahast6s@mlb.com,Female,KNO,GPN
246,Gibb Birrel,gbirrel6t@liveinternet.ru,Male,MGZ,CIN
247,Ella Vallance,evallance6u@army.mil,Agender,BEI,EBS
248,Marc Cunnington,mcunnington6v@twitpic.com,Male,ZVA,DMK
249,Collete Dalgarno,cdalgarno6w@rediff.com,Female,ANC,PFQ
250,Alexandre Rathbone,arathbone6x@nps.gov,Male,LCX,GPS
251,Vernen Westmancoat,vwestmancoat6y@howstuffworks.com,Male,IHO,MEN
252,Bev Constance,bconstance6z@dion.ne.jp,Male,BOJ,YOJ
253,Renell Tarney,rtarney70@phoca.cz,Genderfluid,PEE,EPU
254,Ketty Eltun,keltun71@list-manage.com,Female,HSH,MKN
255,Marion Lawry,mlawry72@freewebs.com,Female,DJJ,GXQ
256,Lydie Ovitts,lovitts73@aol.com,Female,MGF,ZIS
257,Tova O'Shavlan,toshavlan74@spotify.com,Female,UAP,YQD
258,Yorker Novkovic,ynovkovic75@earthlink.net,Male,BFA,GGO
259,Patricio Setch,psetch76@wordpress.com,Male,IXC,KYX
260,Anet Archer,aarcher77@51.la,Female,MFG,TDP
261,Margaretha Jeaneau,mjeaneau78@jimdo.com,Female,DIY,OCN
262,Michale Fenna,mfenna79@earthlink.net,Male,AMT,OLC
263,Albina Sealand,asealand7a@google.ru,Female,BTU,SBH
264,Alfie Clancey,aclancey7b@shutterfly.com,Male,NOS,ZPB
265,Prentice Garretson,pgarretson7c@goo.gl,Male,YQY,HAS
266,Hill Bankes,hbankes7d@ucla.edu,Male,AOA,ETM
267,Currey Doumic,cdoumic7e@smh.com.au,Male,ICL,MZY
268,Dusty Poppy,dpoppy7f@studiopress.com,Female,MBX,TJV
269,Thorn McWhinnie,tmcwhinnie7g@java.com,Male,DRY,LIH
270,Pall Silcock,psilcock7h@skyrock.com,Male,ADU,OBY
271,Hyman Taborre,htaborre7i@zdnet.com,Male,PSJ,BQU
272,Pepito Penrith,ppenrith7j@artisteer.com,Male,HSV,HOT
273,Ermengarde Linnard,elinnard7k@oakley.com,Female,CAZ,YCV
274,Ludvig Matula,lmatula7l@livejournal.com,Male,SPG,XFN
275,Legra Bevens,lbevens7m@linkedin.com,Female,TOY,CNH
276,Barb Rock,brock7n@godaddy.com,Female,VIE,RZS
277,Daisi Howis,dhowis7o@cnet.com,Female,SGU,GSN
278,Rosabelle Laugharne,rlaugharne7p@ocn.ne.jp,Female,GRL,KFS
279,Willem Bagguley,wbagguley7q@posterous.com,Male,SOO,VDY
280,Sella Di Baudi,sdi7r@themeforest.net,Female,YLJ,FLW
281,Isac Petteford,ipetteford7s@si.edu,Male,LDA,SUE
282,Joella Benjamin,jbenjamin7t@sohu.com,Genderfluid,ITM,UTE
283,Amil Beinke,abeinke7u@ow.ly,Female,OTV,YTX
284,Deeyn Hamshaw,dhamshaw7v@smugmug.com,Female,KAR,TKI
285,Alice Pressland,apressland7w@youtube.com,Female,LEL,YZD
286,Aldus Capoun,acapoun7x@intel.com,Male,ERE,FEP
287,Penny Lemerle,plemerle7y@amazon.co.jp,Male,SSG,HYR
288,Brandyn Poad,bpoad7z@hc360.com,Genderfluid,VAC,ANK
289,Cassie Hiskey,chiskey80@dedecms.com,Male,CEV,YEC
290,Wynnie Smogur,wsmogur81@nyu.edu,Female,BSR,BSU
291,Adrianna Osmar,aosmar82@vimeo.com,Female,RCM,LOP
292,Isac Scudamore,iscudamore83@cpanel.net,Male,UNN,JYV
293,Aylmer Gilchrest,agilchrest84@t-online.de,Male,YFS,MJY
294,Jamie Potell,jpotell85@cisco.com,Male,TPG,MWA
295,Nadia Shewen,nshewen86@163.com,Female,MWP,TVI
296,Hector Brandsma,hbrandsma87@hhs.gov,Male,BGW,HLE
297,Dilan Marchment,dmarchment88@e-recht24.de,Genderfluid,CJF,GMR
298,Isaiah Picken,ipicken89@flickr.com,Male,SSJ,LUG
299,Herve Sheed,hsheed8a@g.co,Bigender,BTF,BBW
300,Felipe Sillwood,fsillwood8b@dropbox.com,Male,TGC,CRY
301,Clerkclaude Sabbatier,csabbatier8c@trellian.com,Polygender,BSI,SYB
302,Phillipe Corkill,pcorkill8d@whitehouse.gov,Male,PVU,NAD
303,Chadd Belmont,cbelmont8e@vinaora.com,Male,0,BBP
304,Maryrose Sims,msims8f@si.edu,Female,EKS,BYW
305,Juliane Freeburn,jfreeburn8g@mail.ru,Female,SUH,DAP
306,Alla Ponceford,aponceford8h@over-blog.com,Female,MYM,BTY
307,Shela Durand,sdurand8i@histats.com,Female,GRX,BJV
308,Tildi Bertelmot,tbertelmot8j@tamu.edu,Female,RTY,KAZ
309,Farley Quig,fquig8k@blogspot.com,Male,DYU,CII
310,Melisent Arnal,marnal8l@dedecms.com,Agender,GUY,JSM
311,Graig Lavens,glavens8m@creativecommons.org,Male,APC,LBB
312,Ruperta Semarke,rsemarke8n@toplist.cz,Female,DCA,GKN
313,Talya Canwell,tcanwell8o@reverbnation.com,Female,NHS,GUP
314,Leopold Kolakovic,lkolakovic8p@sohu.com,Male,ELS,UUS
315,Rouvin Grant,rgrant8q@state.gov,Male,TMC,WND
316,Elbertina Leat,eleat8r@unc.edu,Female,YKJ,FUK
317,Bobbye Farrow,bfarrow8s@creativecommons.org,Female,STV,RAZ
318,Bobbye Carass,bcarass8t@trellian.com,Female,WDN,YYI
319,Kellyann Behan,kbehan8u@ovh.net,Female,ZIC,QUO
320,Cookie O'Dooghaine,codooghaine8v@merriam-webster.com,Female,AKB,OTK
321,Duffy Welsby,dwelsby8w@facebook.com,Male,POA,ASJ
322,Ashleigh Rydings,arydings8x@ustream.tv,Genderqueer,ANW,LOW
323,Uri Frenchum,ufrenchum8y@whitehouse.gov,Male,CPA,BZG
324,Jolene Ruger,jruger8z@chron.com,Female,PRW,MVM
325,Sherman Rudiger,srudiger90@discuz.net,Genderfluid,OGN,NQU
326,Hewett Husband,hhusband91@marriott.com,Male,RNJ,KBT
327,Charles Danilovic,cdanilovic92@arizona.edu,Male,SGU,FOD
328,Cecil Sharrocks,csharrocks93@chicagotribune.com,Male,JON,SQQ
329,Barnebas Marchment,bmarchment94@mysql.com,Male,ZLR,STE
330,Lynsey Hudspith,lhudspith95@joomla.org,Female,LLS,CDH
331,Rhiamon Bergstram,rbergstram96@quantcast.com,Female,RHE,VTM
332,Dani MacTrustie,dmactrustie97@umich.edu,Female,BWQ,HOY
333,Thatch Dorro,tdorro98@wisc.edu,Male,UAB,IKP
334,Odetta Noble,onoble99@tmall.com,Female,MQU,MUW
335,Iggy Prew,iprew9a@huffingtonpost.com,Male,LEB,QNC
336,Estelle Alsobrook,ealsobrook9b@de.vu,Female,GGE,ASA
337,Rennie Luney,rluney9c@storify.com,Female,KYL,HUH
338,Karilynn Pigram,kpigram9d@nbcnews.com,Female,REE,OSP
339,Carley Matts,cmatts9e@printfriendly.com,Female,SIC,BLC
340,Jaimie Kowal,jkowal9f@com.com,Female,PHI,KHV
341,Michele Gutteridge,mgutteridge9g@ezinearticles.com,Female,YFS,FOG
342,Jermain Daskiewicz,jdaskiewicz9h@psu.edu,Male,GMB,PVE
343,Base Boutwell,bboutwell9i@timesonline.co.uk,Male,BND,CSX
344,Randie Thorneley,rthorneley9j@hhs.gov,Male,GTY,MDK
345,Beatrix Baldacco,bbaldacco9k@census.gov,Female,JUN,NAY
346,Laverne Trye,ltrye9l@pen.io,Female,LHC,MZR
347,Clemens Piddletown,cpiddletown9m@hubpages.com,Male,CAT,SRP
348,Sybyl Boullin,sboullin9n@skyrock.com,Female,COJ,LIP
349,Leighton Duddin,lduddin9o@seesaa.net,Male,MSH,RED
350,Sutherland Gamell,sgamell9p@netvibes.com,Male,SGC,KAQ
351,Aveline Ewan,aewan9q@amazon.com,Female,LFQ,AKS
352,Cristie Ginnaly,cginnaly9r@jimdo.com,Female,BAV,XTO
353,Michaela Chesters,mchesters9s@answers.com,Female,CUY,YQK
354,Phillip McSpirron,pmcspirron9t@altervista.org,Male,IBL,UPB
355,Greg Gregol,ggregol9u@ehow.com,Male,YQF,TRK
356,Abagael Rivalant,arivalant9v@goo.gl,Female,TJM,XBJ
357,Ernaline Capron,ecapron9w@yellowpages.com,Female,MCH,YHF
358,Morgan Greetham,mgreetham9x@engadget.com,Male,NIO,NTE
359,Guenevere Eustice,geustice9y@parallels.com,Female,PSG,WNN
360,Michele Orring,morring9z@google.nl,Male,SJI,TLP
361,Dar Shivlin,dshivlina0@meetup.com,Male,IUA,ULP
362,Antonino Lagen,alagena1@constantcontact.com,Male,RAE,BWW
363,Katherine Parbrook,kparbrooka2@mysql.com,Female,URB,IQQ
364,Juliana Gagan,jgagana3@jimdo.com,Female,VIJ,LMZ
365,Olympia Drayton,odraytona4@scientificamerican.com,Female,MEQ,ZIC
366,Georgianne Petrillo,gpetrilloa5@illinois.edu,Female,KYE,NKT
367,Lorilyn Shipsey,lshipseya6@yelp.com,Female,JIK,BIL
368,Laverne Murley,lmurleya7@ifeng.com,Female,BXF,KMG
369,Mandie Bowker,mbowkera8@cbslocal.com,Female,OGU,KUP
370,Juliann Melanaphy,jmelanaphya9@cmu.edu,Female,IMT,BAP
371,Sibilla Hawksworth,shawksworthaa@fc2.com,Female,MKC,IDN
372,Venita Traite,vtraiteab@alibaba.com,Genderfluid,INL,YHE
373,Candide Harby,charbyac@businessweek.com,Female,THI,ZGL
374,Hamilton Sunnex,hsunnexad@latimes.com,Male,UNA,AUS
375,Galvin Wadley,gwadleyae@photobucket.com,Male,LGD,MMY
376,Flint Jancar,fjancaraf@mtv.com,Male,SCT,GBL
377,Brande Hasted,bhastedag@woothemes.com,Female,LLH,CSR
378,Brion Strickland,bstricklandah@indiatimes.com,Male,RCK,GBI
379,Jaquelin Novkovic,jnovkovicai@vkontakte.ru,Female,YKU,NRR
380,Mendel Ranken,mrankenaj@symantec.com,Non-binary,KKM,BPA
381,Wang de'-Ancy Willis,wdeancyak@globo.com,Non-binary,CZP,XSO
382,Fiann Takkos,ftakkosal@dmoz.org,Female,KST,SLW
383,Cindi Gibben,cgibbenam@mac.com,Female,LPE,GYY
384,Sula Whyborn,swhybornan@plala.or.jp,Female,0,DIY
385,Flynn Dugood,fdugoodao@fotki.com,Male,CVN,KUY
386,Eleanora Back,ebackap@omniture.com,Female,GYL,AAT
387,Langsdon Crolla,lcrollaaq@amazon.co.jp,Male,SLY,BYV
388,Amerigo Bourhill,abourhillar@technorati.com,Male,SJW,RBO
389,Paxon Glyne,pglyneas@unesco.org,Male,KII,CCA
390,Jobi Gazzard,jgazzardat@slate.com,Female,QCJ,MQN
391,Ellswerth Leneve,eleneveau@phoca.cz,Male,MSQ,GOI
392,Garnette Ruddiforth,gruddiforthav@blogger.com,Female,BMC,MWK
393,Cilka Cruft,ccruftaw@cnn.com,Female,CSI,NLK
394,Donny Gaughan,dgaughanax@issuu.com,Female,SQK,BWN
395,Ania Edel,aedelay@domainmarket.com,Female,CDD,ADP
396,Maddie Newton,mnewtonaz@xinhuanet.com,Non-binary,DRA,MWK
397,Mac Wynch,mwynchb0@aol.com,Male,SFC,NNB
398,Chelsy McAless,cmcalessb1@newyorker.com,Female,ASS,TCW
399,Lamar Gosneye,lgosneyeb2@ftc.gov,Male,RTL,EJT
400,Dannel Rhoddie,drhoddieb3@gmpg.org,Male,YJT,PRM
401,Austin Drayson,adraysonb4@state.tx.us,Female,SQA,JIN
402,Wyn McLoughlin,wmcloughlinb5@google.es,Male,HMR,KNO
403,Blondy Rashleigh,brashleighb6@macromedia.com,Female,GOU,SAX
404,Kelly Guerin,kguerinb7@amazon.com,Female,MSC,REG
405,Belvia Nickels,bnickelsb8@behance.net,Female,MRA,DRF
406,Isidro Pardy,ipardyb9@ning.com,Male,PKK,TKK
407,Florie Scheffel,fscheffelba@ft.com,Female,MGI,VFA
408,Curcio MacDearmid,cmacdearmidbb@typepad.com,Male,NUS,ORE
409,Orion Broderick,obroderickbc@seesaa.net,Male,TIW,MZB
410,Chrissie Tagg,ctaggbd@bravesites.com,Male,CPB,DYS
411,Ashlin De Freitas,adebe@europa.eu,Male,PDO,KKR
412,Clair Duffin,cduffinbf@deviantart.com,Male,NLH,LLM
413,Loy Jordeson,ljordesonbg@netscape.com,Male,SEU,CRV
414,Burlie Eales,bealesbh@abc.net.au,Male,LXN,ACJ
415,Sibel Pfertner,spfertnerbi@mysql.com,Female,LBW,PIV
416,Starla Dewsnap,sdewsnapbj@themeforest.net,Female,AXE,LTV
417,Wilfred Bleckly,wblecklybk@skyrock.com,Male,AME,BAV
418,Ros Kimberley,rkimberleybl@virginia.edu,Female,KIN,YCE
419,Anne-corinne Portriss,aportrissbm@nationalgeographic.com,Female,BMA,RTN
420,Desmond Exon,dexonbn@slashdot.org,Male,SRW,YUL
421,Barbra Train,btrainbo@mayoclinic.com,Female,JSU,FNI
422,Marcellus Bedle,mbedlebp@newsvine.com,Male,YZT,PER
423,Kylie Hoggetts,khoggettsbq@techcrunch.com,Male,ADE,HLA
424,Teddy Kendal,tkendalbr@nyu.edu,Male,MFZ,KUP
425,Garvey Laise,glaisebs@msu.edu,Male,XBO,RTN
426,Lenette Nobles,lnoblesbt@ovh.net,Female,MBG,MTU
427,Celestine Gurry,cgurrybu@cnbc.com,Female,RSX,GWE
428,Dunstan Duffil,dduffilbv@dmoz.org,Male,FLA,BIV
429,Mathias Skillitt,mskillittbw@wufoo.com,Male,MID,YBS
430,Elwood Iles,eilesbx@prnewswire.com,Male,ORR,NVT
431,Aguistin Girardini,agirardiniby@surveymonkey.com,Male,ODS,KYA
432,Ara Troutbeck,atroutbeckbz@topsy.com,Female,GCJ,LTV
433,Victoria Thames,vthamesc0@comsenz.com,Female,CQA,FKB
434,Sarita Brightwell,sbrightwellc1@oakley.com,Female,NMA,KNA
435,Carina O'Scollee,coscolleec2@blogspot.com,Female,DDN,SBB
436,Cullin Fullerlove,cfullerlovec3@shop-pro.jp,Non-binary,ECP,SDM
437,Glynis Forth,gforthc4@is.gd,Female,JPN,UDI
438,Guillermo Ferrillo,gferrilloc5@cnbc.com,Male,0,CCZ
439,Hendrik Arington,haringtonc6@surveymonkey.com,Male,TSI,PBH
440,Dreddy Aingel,daingelc7@baidu.com,Female,PYC,MWX
441,Elston Bulpitt,ebulpittc8@cargocollective.com,Male,SXE,WHP
442,Celestia Simonsen,csimonsenc9@over-blog.com,Female,EED,INB
443,Adrien Leeburn,aleeburnca@a8.net,Male,0,KEZ
444,Amalia Kiddey,akiddeycb@chicagotribune.com,Female,KCC,BAN
445,Mellisa Orhtmann,morhtmanncc@springer.com,Female,TXR,CFK
446,Talia Eglin,teglincd@jugem.jp,Female,BKL,SUZ
447,Nissa Helm,nhelmce@ocn.ne.jp,Female,NAR,YPN
448,Marjie McAlester,mmcalestercf@nyu.edu,Genderfluid,PFO,SUR
449,Vernice Collen,vcollencg@trellian.com,Female,GFN,GOI
450,Ramsey Innocent,rinnocentch@techcrunch.com,Male,NRG,TYL
451,Marcello Kilroy,mkilroyci@engadget.com,Male,FTE,HDH
452,Albert Sibson,asibsoncj@mail.ru,Male,UME,UDN
453,Sheppard Yoselevitch,syoselevitchck@mit.edu,Male,KDV,TTX
454,Fred Cettell,fcettellcl@rambler.ru,Male,MSP,STZ
455,Theodore Rozec,trozeccm@wunderground.com,Male,HAT,MZS
456,Bette Immer,bimmercn@techcrunch.com,Female,PEU,ECA
457,Bevvy Leaburn,bleaburnco@dagondesign.com,Female,RIM,LWY
458,Joelie Deschelle,jdeschellecp@yale.edu,Female,HOE,OJC
459,Roth Briskey,rbriskeycq@multiply.com,Genderfluid,LUR,INH
460,Kiley Hargie,khargiecr@patch.com,Female,OGB,BPS
461,Toinette Cello,tcellocs@indiegogo.com,Non-binary,YHT,CIJ
462,Douglas Hamman,dhammanct@hexun.com,Male,HOB,TCE
463,Bern Castlake,bcastlakecu@jigsy.com,Non-binary,CLQ,ION
464,Noam Hotton,nhottoncv@princeton.edu,Male,TEG,DWR
465,Zacharie Tackes,ztackescw@google.com.hk,Male,CUO,OBE
466,Lyndsie Nattrass,lnattrasscx@elpais.com,Agender,IGB,XPL
467,Marlin Calfe,mcalfecy@geocities.com,Male,HNB,TIH
468,Sanders Freyn,sfreyncz@acquirethisname.com,Male,LII,MTS
469,Wernher Killiner,wkillinerd0@list-manage.com,Male,POV,LER
470,Kin Rigge,krigged1@soundcloud.com,Male,SVD,DLV
471,Micky Archbell,marchbelld2@berkeley.edu,Female,SLC,LXV
472,Aluino Sproule,asprouled3@imgur.com,Male,YSV,HAW
473,Isiahi Mackrell,imackrelld4@weibo.com,Male,HTV,MIM
474,Esme Crewdson,ecrewdsond5@examiner.com,Male,CVC,PPG
475,Cloris Dermot,cdermotd6@cyberchimps.com,Female,PPY,SFX
476,Rustin Haynesford,rhaynesfordd7@wikimedia.org,Bigender,GXF,OBF
477,Holt Laycock,hlaycockd8@businessweek.com,Male,MFT,TMO
478,Hetti Croizier,hcroizierd9@state.tx.us,Female,YBT,TBT
479,Geordie Huff,ghuffda@latimes.com,Bigender,CSH,WTB
480,Kerk Devey,kdeveydb@wp.com,Male,DVN,MTP
481,Bendite Cuttles,bcuttlesdc@mozilla.com,Female,MII,JMJ
482,Bekki Jarrette,bjarrettedd@loc.gov,Female,LRF,CKO
483,Richart MacTerlagh,rmacterlaghde@spiegel.de,Male,RNM,CCP
484,Abby Scougall,ascougalldf@g.co,Female,IEG,GRF
485,Ninnetta Bischof,nbischofdg@un.org,Female,ISW,OKY
486,Nanon Wabe,nwabedh@youku.com,Female,XSD,XXN
487,Jackson Ganiclef,jganiclefdi@guardian.co.uk,Male,SSZ,JNI
488,Lindsy Paver,lpaverdj@mac.com,Female,MHS,YLG
489,Christiana Wickenden,cwickendendk@go.com,Female,KRG,DON
490,Goldina Mawd,gmawddl@samsung.com,Female,ORK,SJQ
491,Darla Goldby,dgoldbydm@boston.com,Female,ONP,ONB
492,Carlen Greenrde,cgreenrdedn@etsy.com,Female,PNI,HNH
493,Rosie Stroton,rstrotondo@people.com.cn,Female,EDO,BAD
494,Atalanta Anespie,aanespiedp@twitter.com,Female,YPR,ANB
495,Jeannie Standbrooke,jstandbrookedq@paypal.com,Female,NSL,CHV
496,Halley Nealon,hnealondr@samsung.com,Bigender,WRE,PID
497,Winonah Robben,wrobbends@mysql.com,Agender,COW,SUA
498,Gabrila Shrimpling,gshrimplingdt@si.edu,Female,GUU,IAA
499,Franchot Corro,fcorrodu@instagram.com,Male,GAC,QRR
500,Roddy Bonhan,rbonhandv@prlog.org,Male,YAQ,LVD
501,Doralynn Brigg,dbriggdw@trellian.com,Genderqueer,KZO,CKN
502,Sherman Regglar,sregglardx@vistaprint.com,Non-binary,RMS,LUR
503,Derry Aindrais,daindraisdy@toplist.cz,Male,MRS,MSD
504,Lebbie Newlyn,lnewlyndz@canalblog.com,Female,GDG,EDF
505,Corty Collinwood,ccollinwoode0@miitbeian.gov.cn,Agender,ATP,OLC
506,Donetta Ferns,dfernse1@imdb.com,Female,TEE,CSG
507,Jermain Piddletown,jpiddletowne2@paginegialle.it,Bigender,AVG,BSS
508,Keriann Bougourd,kbougourde3@privacy.gov.au,Female,LAN,SON
509,Normie Isitt,nisitte4@oakley.com,Male,SVE,ROH
510,Gil Cisco,gciscoe5@bravesites.com,Male,KDD,AHS
511,Adrian Granham,agranhame6@addtoany.com,Male,IKT,SAD
512,Leigha Vaskov,lvaskove7@yelp.com,Female,OSN,DEF
513,Koralle Vaudin,kvaudine8@bing.com,Female,TJC,ICY
514,Jecho Branno,jbrannoe9@free.fr,Male,GDA,KOS
515,Lamar Derrington,lderringtonea@tiny.cc,Male,KLM,PGX
516,Syd Swaby,sswabyeb@dedecms.com,Male,HUB,TRO
517,Carlye Dosdill,cdosdillec@imgur.com,Female,YCB,VAO
518,Ade Vann,avanned@usda.gov,Male,GUC,VLL
519,Filippo Mugleston,fmuglestonee@berkeley.edu,Male,YBI,MGN
520,Wang Iwanowicz,wiwanowiczef@fda.gov,Male,TQS,YPX
521,Quincey Call,qcalleg@digg.com,Male,JAQ,BBR
522,Ode Gason,ogasoneh@opera.com,Male,LAJ,PKR
523,Antonetta Simeons,asimeonsei@fc2.com,Female,CYO,FGU
524,Tawsha Ferenczi,tferencziej@nymag.com,Female,RMN,OFU
525,Drud Frew,dfrewek@salon.com,Male,LZC,KTV
526,Marius Tournie,mtournieel@odnoklassniki.ru,Male,LYH,SPB
527,Stanwood Pearce,spearceem@bbc.co.uk,Male,VBV,GSO
528,Jaymie Philipsson,jphilipssonen@huffingtonpost.com,Male,PDP,CKY
529,Lazarus Willisch,lwillischeo@gizmodo.com,Male,DGD,THO
530,Maure Kirsop,mkirsopep@about.me,Bigender,KRM,LTC
531,Bernita Haeslier,bhaesliereq@cnet.com,Agender,BZN,MAE
532,Amelina McEntegart,amcentegarter@oracle.com,Female,MXG,OVD
533,Olva Brownscombe,obrownscombees@blogspot.com,Non-binary,LPF,MRE
534,Dorolisa Londsdale,dlondsdaleet@artisteer.com,Female,NNK,MQK
535,Hernando Gibby,hgibbyeu@yahoo.com,Bigender,GUL,KBN
536,Oran Jordin,ojordinev@msn.com,Male,PCJ,MIT
537,Nina Edmand,nedmandew@earthlink.net,Female,KWK,PBJ
538,Sue Cantillon,scantillonex@bloglines.com,Female,UDN,EAL
539,Arabella Kirkby,akirkbyey@noaa.gov,Female,LER,ILN
540,Aubrey Doberer,adobererez@symantec.com,Male,GLX,EBO
541,Lancelot Casarili,lcasarilif0@live.com,Male,BYP,YLM
542,Marabel Crummie,mcrummief1@nps.gov,Female,MGN,GWV
543,Bobina Brigstock,bbrigstockf2@toplist.cz,Female,MZD,XMS
544,Aleece Staynes,astaynesf3@earthlink.net,Female,TOA,FXY
545,Pietrek Jellicorse,pjellicorsef4@theatlantic.com,Male,TSC,JDP
546,Maxwell Lenihan,mlenihanf5@toplist.cz,Male,HFE,SSJ
547,Klarika Gaenor,kgaenorf6@dropbox.com,Female,WRB,YOY
548,Hermia Lesurf,hlesurff7@uol.com.br,Female,KMM,MIK
549,Rustin Reffe,rreffef8@mit.edu,Male,CBR,KAX
550,Karine Dimmack,kdimmackf9@tuttocitta.it,Female,BMS,KRD
551,Paige Mealand,pmealandfa@miibeian.gov.cn,Male,FSP,TSY
552,Baxy Handrek,bhandrekfb@51.la,Male,JKG,ESB
553,Barnebas Scougal,bscougalfc@nba.com,Male,BOB,CJS
554,Alberto McCoy,amccoyfd@amazon.co.uk,Male,NAS,ADQ
555,Verile Nanninini,vnannininife@ucoz.ru,Female,WNS,EMY
556,Benedicto Sidon,bsidonff@globo.com,Male,UMM,MOH
557,Bord Delhanty,bdelhantyfg@taobao.com,Male,CAH,TPT
558,Noam Greenhowe,ngreenhowefh@odnoklassniki.ru,Male,KUX,KIR
559,Bobbye Sargant,bsargantfi@netscape.com,Female,XNG,CUQ
560,Veradis Borit,vboritfj@parallels.com,Female,BMJ,PZE
561,Augusta Whatford,awhatfordfk@ocn.ne.jp,Female,CCT,GAT
562,Tedi Rands,trandsfl@dyndns.org,Female,PYV,MIZ
563,Tod Durante,tdurantefm@mayoclinic.com,Male,HZK,SFO
564,Michele Jedrzaszkiewicz,mjedrzaszkiewiczfn@indiatimes.com,Genderqueer,PPX,IDR
565,Nial Gowrich,ngowrichfo@ucsd.edu,Male,PDN,CFF
566,Stormi Haveline,shavelinefp@washingtonpost.com,Female,NVR,ERF
567,Dane Growcott,dgrowcottfq@sakura.ne.jp,Male,INC,CGN
568,Derby Dorn,ddornfr@unblog.fr,Male,CFP,YBM
569,Winifield Cowope,wcowopefs@delicious.com,Male,LZR,PAF
570,Juan Lamers,jlamersft@google.com,Male,FOS,TUA
571,Agnella Andreopolos,aandreopolosfu@example.com,Female,WNN,VKS
572,Kare Dyble,kdyblefv@state.tx.us,Female,OKU,UIR
573,Artemis Gedge,agedgefw@cbc.ca,Male,YXC,KES
574,Jamison Wales,jwalesfx@mediafire.com,Agender,BTW,BHF
575,Therese Gallo,tgallofy@va.gov,Female,BMC,SCC
576,Eleni Costa,ecostafz@histats.com,Female,XUZ,JTR
577,Blair Maha,bmahag0@google.cn,Female,IQT,RLP
578,Trudi O'Teague,toteagueg1@flickr.com,Female,BNM,GDN
579,Quincey Ferrieri,qferrierig2@naver.com,Male,RSL,GHB
580,Kimberlee MacColl,kmaccollg3@cdc.gov,Female,UEL,BFS
581,Birch Scammell,bscammellg4@ed.gov,Male,YKA,BKG
582,Thayne Feldon,tfeldong5@noaa.gov,Male,AXJ,YCZ
583,Hildagarde Assur,hassurg6@newsvine.com,Female,CMT,JCU
584,Melinde Larsen,mlarseng7@barnesandnoble.com,Female,YVV,UBP
585,Ezechiel Latchford,elatchfordg8@redcross.org,Male,PVH,MGQ
586,Wilek Greatbank,wgreatbankg9@skype.com,Male,FEA,SXI
587,Kyle O'Carran,kocarranga@slashdot.org,Genderqueer,DRT,ADK
588,Opaline Lossman,olossmangb@booking.com,Female,SBC,KDO
589,Charlie Tretwell,ctretwellgc@upenn.edu,Male,SWW,TPQ
590,Keen Thelwll,kthelwllgd@topsy.com,Male,AKD,AHU
591,Tracey Erik,terikge@arstechnica.com,Male,CWJ,YJA
592,Adelind Ferbrache,aferbrachegf@alexa.com,Female,DGP,ZZU
593,Johnnie Isacke,jisackegg@hatena.ne.jp,Male,TNP,AGS
594,Willdon Chappell,wchappellgh@networksolutions.com,Male,PAQ,GIS
595,Phelia Wapol,pwapolgi@samsung.com,Female,FOY,DUB
596,Kermie Venneur,kvenneurgj@typepad.com,Male,KWH,CBI
597,Wilton Delort,wdelortgk@wisc.edu,Male,ETZ,PMM
598,Bevin McNeillie,bmcneilliegl@bizjournals.com,Male,GRV,HWK
599,Henrik Itzkovich,hitzkovichgm@wired.com,Male,BZS,VIT
600,Ryan Janicek,rjanicekgn@umich.edu,Male,YQX,AXD
601,Vina Ronald,vronaldgo@csmonitor.com,Genderqueer,YYZ,PTK
602,Magdalen Zuann,mzuanngp@t-online.de,Female,AHL,JEJ
603,Jase Longhorne,jlonghornegq@exblog.jp,Male,KHL,CLS
604,Quent Neame,qneamegr@admin.ch,Male,SEU,AAM
605,Jethro Launder,jlaundergs@si.edu,Male,SUV,BEF
606,Barby Buckner,bbucknergt@cnbc.com,Female,VAL,IBP
607,Meta Vlahos,mvlahosgu@uol.com.br,Female,TMR,GLU
608,Fiona Krysztowczyk,fkrysztowczykgv@wired.com,Female,JAG,CEA
609,Jere Blakeley,jblakeleygw@slideshare.net,Male,BZL,AXS
610,Benny Moxstead,bmoxsteadgx@guardian.co.uk,Male,HLM,MVC
611,Mart Lulham,mlulhamgy@accuweather.com,Male,RBI,SOK
612,Werner McMenamy,wmcmenamygz@businessweek.com,Male,NSY,LRU
613,Mame Lightwood,mlightwoodh0@delicious.com,Female,TUU,CTZ
614,Ray Zarb,rzarbh1@apache.org,Male,EBA,PYK
615,Tabby Trangmar,ttrangmarh2@blogspot.com,Male,MGF,STW
616,Pedro Domnin,pdomninh3@dion.ne.jp,Male,TQQ,KHY
617,Duff France,dfranceh4@cam.ac.uk,Agender,AFZ,CXN
618,Roseanna Dahlgren,rdahlgrenh5@csmonitor.com,Female,PWO,YAO
619,Rooney Sall,rsallh6@themeforest.net,Male,YTB,ACD
620,Jamil Moylane,jmoylaneh7@ted.com,Male,KIR,CKR
621,Dougie Durant,dduranth8@home.pl,Male,MSC,AUD
622,Emmye Phear,ephearh9@storify.com,Female,ANH,SDI
623,Everett Sillett,esillettha@prnewswire.com,Male,YWA,NYU
624,Carrissa Flounders,cfloundershb@wordpress.org,Female,TAA,FLG
625,Berk Gout,bgouthc@unesco.org,Male,FDE,DJN
626,Germain Bertin,gbertinhd@imdb.com,Female,WLG,WHU
627,Catharine Lutty,cluttyhe@lulu.com,Female,YLH,BQQ
628,Caressa Titley,ctitleyhf@intel.com,Female,MNI,VTB
629,Sukey Bissill,sbissillhg@google.com.hk,Female,TUH,PCN
630,Evangelia Hounsham,ehounshamhh@noaa.gov,Female,PDU,OLN
631,Almeta Gorick,agorickhi@unblog.fr,Female,HSZ,LAE
632,Del Armit,darmithj@behance.net,Male,CEN,EFW
633,Sallyann Pawlyn,spawlynhk@uol.com.br,Female,LKP,SVH
634,Wait Waterson,wwatersonhl@sina.com.cn,Male,OSN,WRT
635,Aveline Prestner,aprestnerhm@unesco.org,Female,MIA,PRZ
636,Broddie Gerrett,bgerretthn@mozilla.com,Male,BMU,LOO
637,Gena Lisciandri,glisciandriho@yandex.ru,Female,OBF,FBG
638,Hettie Gonet,hgonethp@icio.us,Female,CNK,PUR
639,Mario De Roberto,mdehq@aboutads.info,Male,BNK,BRB
640,Gregory Keary,gkearyhr@kickstarter.com,Male,SHY,LER
641,Wynnie Locard,wlocardhs@ed.gov,Female,TOR,IZO
642,Olwen Forsbey,oforsbeyht@homestead.com,Female,CVQ,IRC
643,Sheba Heims,sheimshu@netlog.com,Female,PDC,WKI
644,Teressa Hayman,thaymanhv@usnews.com,Female,GLA,NCH
645,Lucretia Izhaky,lizhakyhw@hostgator.com,Female,AMC,TDB
646,Barnabas Woehler,bwoehlerhx@netscape.com,Male,RVN,RKH
647,Claresta Hanalan,chanalanhy@house.gov,Female,SVW,VIU
648,Lian Diffley,ldiffleyhz@guardian.co.uk,Female,KJP,AIW
649,Art Jakobssen,ajakobsseni0@arstechnica.com,Male,OLM,LMQ
650,Ambur Lidgley,alidgleyi1@businessweek.com,Female,RYG,VAK
651,Johnathon Markl,jmarkli2@ehow.com,Male,HDB,CIM
652,Leroy Ninnoli,lninnolii3@meetup.com,Male,YKO,PZL
653,Winslow Podbury,wpodburyi4@sun.com,Male,MFO,YPY
654,Cordi Marrow,cmarrowi5@angelfire.com,Female,PHO,PDC
655,Elsinore Itscowicz,eitscowiczi6@google.es,Female,BAR,PTX
656,Aldous Jarrell,ajarrelli7@reference.com,Male,KNT,KKE
657,Mozelle Paulton,mpaultoni8@pcworld.com,Female,KPE,BFC
658,Janaye Saunier,jsaunieri9@cisco.com,Female,ULN,0
659,Stephannie Mealiffe,smealiffeia@ucla.edu,Female,EFD,QLF
660,Garrick Coumbe,gcoumbeib@unblog.fr,Male,SNU,GDD
661,Addie Grainger,agraingeric@usnews.com,Female,ACH,PMO
662,Jaime Clements,jclementsid@xinhuanet.com,Male,YIO,PBB
663,Elfie Care,ecareie@pcworld.com,Female,MSO,CDO
664,Ruddy By,rbyif@marketwatch.com,Male,YBE,CFM
665,Mariejeanne Joskowitz,mjoskowitzig@xrea.com,Female,YKQ,CEA
666,Elijah McAneny,emcanenyih@sun.com,Male,SQL,PBQ
667,Catarina West-Frimley,cwestfrimleyii@samsung.com,Female,GFF,EAB
668,Lesli Boyen,lboyenij@hexun.com,Non-binary,TDK,NKD
669,Kippy Bwy,kbwyik@wikimedia.org,Male,BXT,KSB
670,Harris Tunuy,htunuyil@cbslocal.com,Male,IUA,KJI
671,Ileana Hinners,ihinnersim@cafepress.com,Female,ZTA,KDX
672,Gilbertina Gulk,ggulkin@1und1.de,Female,CHB,BKA
673,Liza Cotgrove,lcotgroveio@spotify.com,Female,OTU,KMM
674,Mike Trevenu,mtrevenuip@elpais.com,Male,UTC,ADP
675,Lila McFetridge,lmcfetridgeiq@tumblr.com,Female,TBI,LYR
676,Ky Bruckenthal,kbruckenthalir@mozilla.com,Male,MDA,DOD
677,Ara Swinn,aswinnis@illinois.edu,Female,CRM,HKS
678,Ingeborg Pletts,iplettsit@tripod.com,Female,YPB,HPV
679,Isidoro Newband,inewbandiu@barnesandnoble.com,Genderqueer,YXI,AJF
680,Veriee Farmer,vfarmeriv@bloomberg.com,Female,CJH,OUG
681,Alta Teaser,ateaseriw@census.gov,Female,KWO,DLZ
682,Shena Brouard,sbrouardix@stanford.edu,Female,ALP,SKU
683,Laurens Paten,lpateniy@nih.gov,Male,TMB,TLE
684,Rolando Hoggan,rhogganiz@meetup.com,Male,KPT,NKU
685,Nigel Netherclift,nnethercliftj0@ca.gov,Male,HSV,CFB
686,Fonsie Surgood,fsurgoodj1@auda.org.au,Genderfluid,QDB,GTS
687,Hillery Walklate,hwalklatej2@google.com.hk,Male,GRR,TIY
688,Cliff Corston,ccorstonj3@mysql.com,Male,OTH,EAB
689,Ashlie Treadway,atreadwayj4@paginegialle.it,Female,KIP,PVC
690,Creighton Demeza,cdemezaj5@facebook.com,Male,XJM,MNM
691,Marlow Pagel,mpagelj6@nydailynews.com,Male,SYI,YLW
692,Jim Hendrix,jhendrixj7@yandex.ru,Male,YHT,RGK
693,Elijah Huggins,ehugginsj8@un.org,Male,JUM,YQY
694,Robbyn Sawnwy,rsawnwyj9@boston.com,Female,BSM,YLM
695,Herbert Norley,hnorleyja@miitbeian.gov.cn,Male,LPQ,MFL
696,Kaiser Gunton,kguntonjb@ebay.co.uk,Male,MEN,NRT
697,Jackqueline Growcott,jgrowcottjc@irs.gov,Female,QKX,VDM
698,Merv Bernardez,mbernardezjd@hexun.com,Male,YSH,KRQ
699,Derrik Shevels,dshevelsje@istockphoto.com,Male,AMZ,SAP
700,Thaddus Izhaky,tizhakyjf@tiny.cc,Male,QJP,THC
701,Bale Shaddick,bshaddickjg@sourceforge.net,Male,TVU,KVL
702,Tom Figures,tfiguresjh@cpanel.net,Male,ZSE,ZBO
703,Hillard Gossipin,hgossipinji@ocn.ne.jp,Genderqueer,BUU,AAR
704,Erich Eberle,eeberlejj@flickr.com,Male,MYJ,SNW
705,Colene Hallums,challumsjk@bravesites.com,Female,MCH,OAR
706,Gale Clemmensen,gclemmensenjl@mozilla.org,Female,PCT,KAP
707,Renard Kenryd,rkenrydjm@utexas.edu,Male,TLE,VHV
708,Denny McVicker,dmcvickerjn@virginia.edu,Female,AGV,WVN
709,Westbrook Surridge,wsurridgejo@youtu.be,Male,LEN,MRM
710,Alanson Geroldi,ageroldijp@columbia.edu,Male,OAH,FYT
711,Kristyn Pfiffer,kpfifferjq@nih.gov,Female,EED,DPT
712,Shanan Hosburn,shosburnjr@narod.ru,Male,RVV,ERQ
713,Waring Unwins,wunwinsjs@mtv.com,Male,ODJ,NAJ
714,Bastien Latore,blatorejt@typepad.com,Polygender,DOO,TJK
715,Frazier Honsch,fhonschju@psu.edu,Male,YNC,MEY
716,Lydon Worviell,lworvielljv@fema.gov,Male,IPH,FLO
717,Renaud Humbert,rhumbertjw@parallels.com,Male,KMI,ICK
718,Cherilynn Huthart,chuthartjx@blogtalkradio.com,Female,RUU,MKB
719,Petey Duthy,pduthyjy@plala.or.jp,Male,UMA,BEQ
720,Artus Laird,alairdjz@prnewswire.com,Male,MOZ,KGI
721,Berri Cromly,bcromlyk0@so-net.ne.jp,Female,GCI,SVO
722,Brande Kleynermans,bkleynermansk1@ask.com,Female,IXY,BUD
723,Jervis Jurasz,jjuraszk2@free.fr,Male,TML,FRI
724,Dorette Emney,demneyk3@imgur.com,Female,DJU,HYD
725,Shanna Stormont,sstormontk4@newyorker.com,Female,AMS,OKB
726,Rab Delacroux,rdelacrouxk5@sun.com,Male,EDN,MSU
727,Boyce Orknay,borknayk6@google.it,Male,INH,ZIZ
728,Nathanil Moyles,nmoylesk7@cdbaby.com,Male,SHI,IQA
729,Maybelle Priel,mprielk8@independent.co.uk,Female,BYH,IMA
730,Roseanne Dunston,rdunstonk9@1688.com,Female,KGU,TKG
731,Zared Severwright,zseverwrightka@godaddy.com,Male,ZMG,LUV
732,Katusha Lovegrove,klovegrovekb@samsung.com,Female,IMD,CMT
733,Barbie Lantoph,blantophkc@house.gov,Female,PDC,SKO
734,Jarrid Dello,jdellokd@yellowpages.com,Non-binary,KSC,WPU
735,Humphrey Kuhl,hkuhlke@sciencedaily.com,Male,BMT,IPU
736,Alysia Murthwaite,amurthwaitekf@oakley.com,Female,OZP,YWN
737,Dotty Zuker,dzukerkg@spotify.com,Female,OKD,CAQ
738,Sibylla Janney,sjanneykh@ted.com,Female,THQ,IMO
739,Jarvis Sawford,jsawfordki@unblog.fr,Genderqueer,KBL,SAZ
740,Ellswerth Tilney,etilneykj@t-online.de,Male,ASP,BRL
741,Arlene Drinan,adrinankk@shinystat.com,Female,SUY,ENK
742,Sharleen Gosnell,sgosnellkl@php.net,Female,SQV,YCQ
743,Yance Struss,ystrusskm@zimbio.com,Male,XMI,KPI
744,Ofella Tyndall,otyndallkn@seattletimes.com,Female,DKR,SQG
745,Burke Watsham,bwatshamko@foxnews.com,Genderfluid,TIL,VTG
746,Kimberli Alpes,kalpeskp@samsung.com,Non-binary,EBN,FSZ
747,Jessalyn Summerlie,jsummerliekq@hostgator.com,Female,KNO,RBT
748,Toinette Bridgwater,tbridgwaterkr@wikispaces.com,Female,JFN,TYN
749,Marshal Billyeald,mbillyealdks@1688.com,Male,KNL,SQE
750,Dyane Gockeler,dgockelerkt@arstechnica.com,Female,CDC,CMW
751,Halsy Bullivant,hbullivantku@goodreads.com,Male,GLS,MZI
752,Zechariah MacDonell,zmacdonellkv@yellowpages.com,Male,WUA,PLU
753,Franklin Morcom,fmorcomkw@biblegateway.com,Male,GKT,OMF
754,Vanya Glaserman,vglasermankx@domainmarket.com,Male,CFN,ASK
755,Rubi de Nore,rdeky@wikispaces.com,Female,SXJ,YDF
756,Edward Leggitt,eleggittkz@wikipedia.org,Male,LKC,KIR
757,Coleen Mattimoe,cmattimoel0@mozilla.com,Female,TWE,IMA
758,Paxton Keach,pkeachl1@buzzfeed.com,Male,BPM,JPB
759,Brandie Tiptaft,btiptaftl2@engadget.com,Female,AGH,FSP
760,Fidelio Mathias,fmathiasl3@tripadvisor.com,Male,LUV,WJU
761,Trescha Sharp,tsharpl4@uiuc.edu,Female,YQV,SAQ
762,Angel Bentjens,abentjensl5@bravesites.com,Female,CLZ,ORF
763,Lenard Tabard,ltabardl6@wikipedia.org,Non-binary,SBY,NAD
764,Olympia Eake,oeakel7@businessweek.com,Female,SUV,PCU
765,Mariya Labuschagne,mlabuschagnel8@dagondesign.com,Female,HKA,TSM
766,Beverley Mollison,bmollisonl9@adobe.com,Female,CFH,OSD
767,Gardener Dirand,gdirandla@netlog.com,Male,ESF,JJG
768,Molli Masi,mmasilb@reference.com,Female,APW,AIO
769,Giffie Bristowe,gbristowelc@icq.com,Male,VAD,YLR
770,Obediah Dottrell,odottrellld@scribd.com,Male,KOO,ARO
771,Maxy Wheelan,mwheelanle@sciencedaily.com,Male,VRB,RAP
772,Orin Hylden,ohyldenlf@bandcamp.com,Male,ZYI,JHS
773,Olav Rawcliff,orawclifflg@ox.ac.uk,Male,SPR,LAF
774,Rhona Pierson,rpiersonlh@gizmodo.com,Female,YDQ,RDU
775,Gilly Pacey,gpaceyli@boston.com,Bigender,MOB,IKK
776,Renee Wraith,rwraithlj@deliciousdays.com,Female,PMT,TQL
777,Faith Ruslen,fruslenlk@umich.edu,Female,JTY,ADQ
778,Connor McSharry,cmcsharryll@barnesandnoble.com,Male,JNN,MFP
779,Noreen Flury,nflurylm@joomla.org,Female,RDO,FNL
780,Sherie Draxford,sdraxfordln@de.vu,Agender,MJL,ZTA
781,Ruggiero O'Heaney,roheaneylo@yahoo.co.jp,Male,WVB,COK
782,Heindrick Marcombe,hmarcombelp@google.nl,Male,TBS,DOD
783,Meade Charlin,mcharlinlq@mediafire.com,Male,KTU,WMC
784,Sinclare MacKeague,smackeaguelr@sciencedirect.com,Male,GSU,CNE
785,Ilse Pugh,ipughls@nasa.gov,Female,MGG,AIU
786,Alexandros Blaschek,ablascheklt@harvard.edu,Male,KPO,BPY
787,Davie Spiniello,dspiniellolu@nature.com,Male,MLR,RAR
788,Winifield Bachnic,wbachniclv@cocolog-nifty.com,Male,QHP,LGD
789,Brewster Haverty,bhavertylw@amazon.de,Male,PNT,OUD
790,Danielle Muttitt,dmuttittlx@umich.edu,Female,MFD,SKS
791,Delly Fosdick,dfosdickly@usda.gov,Female,URU,RIC
792,Ralph Masdon,rmasdonlz@so-net.ne.jp,Male,PIC,TNU
793,Claudette Petrie,cpetriem0@1688.com,Female,NAU,GAZ
794,Jameson Shine,jshinem1@nih.gov,Male,PCS,GPS
795,Clyde Pechet,cpechetm2@apache.org,Male,OLL,LVB
796,Saleem Dombrell,sdombrellm3@smh.com.au,Male,SID,HKS
797,Fair Lismore,flismorem4@nationalgeographic.com,Male,SLT,KSW
798,Tiler Rydeard,trydeardm5@wordpress.com,Male,KOA,ODD
799,Andreas Colebrook,acolebrookm6@time.com,Male,SHN,MGT
800,Zsa zsa Munnion,zzsam7@cpanel.net,Female,SUA,BLA
801,Dara Style,dstylem8@angelfire.com,Female,UJE,ILM
802,Nicky Geindre,ngeindrem9@huffingtonpost.com,Male,UTH,PIX
803,Cecilia Ickowics,cickowicsma@photobucket.com,Female,YEK,BSY
804,Elmer Breache,ebreachemb@hexun.com,Male,GIF,TCK
805,Carly Asbury,casburymc@reddit.com,Male,0,LID
806,Shelley Haseman,shasemanmd@digg.com,Male,DIY,DIW
807,Haywood Jendas,hjendasme@cmu.edu,Male,CLQ,GTS
808,Letta Allewell,lallewellmf@jiathis.com,Female,VLP,OHS
809,Dirk Manifold,dmanifoldmg@si.edu,Male,OBS,BWQ
810,Chadwick Gouldeby,cgouldebymh@hao123.com,Male,GAC,PAS
811,Romeo Abba,rabbami@vinaora.com,Male,OLK,DDC
812,Randolf Riseborough,rriseboroughmj@irs.gov,Male,CMY,NNX
813,Joe Bosquet,jbosquetmk@tmall.com,Male,TCD,YPJ
814,Gannon Hatry,ghatryml@fc2.com,Male,AGC,SMN
815,Ursola Kitcat,ukitcatmm@example.com,Female,PKT,XMD
816,Erma Kenewel,ekenewelmn@twitter.com,Female,YVQ,GET
817,Worden Hammer,whammermo@flavors.me,Male,CSA,WPR
818,Abbott Gilyott,agilyottmp@weebly.com,Male,AZN,YRR
819,Roch Tindle,rtindlemq@zdnet.com,Female,NYA,DOH
820,Margret Fairholme,mfairholmemr@house.gov,Female,TOJ,KLZ
821,Malcolm Houdhury,mhoudhuryms@ucoz.ru,Male,AZT,GAL
822,Rosco Wareham,rwarehammt@answers.com,Male,NLK,LEJ
823,Alvan Stower,astowermu@admin.ch,Male,LYT,VCT
824,Byrom Pree,bpreemv@icio.us,Male,AXX,TWB
825,Abagael Do,adomw@booking.com,Female,OSE,MAJ
826,Nolly Gaskoin,ngaskoinmx@t-online.de,Male,TMC,CCC
827,Sarajane Summerson,ssummersonmy@google.com.hk,Female,UOS,HYV
828,Linc Newsham,lnewshammz@apple.com,Non-binary,PGC,MQL
829,Moll Heaseman,mheasemann0@sun.com,Female,KGD,HRR
830,Beverie Robertz,brobertzn1@bizjournals.com,Female,PWT,BFJ
831,Stacy McCafferty,smccaffertyn2@edublogs.org,Female,SRP,OOL
832,Lucius Duchant,lduchantn3@about.me,Male,TOH,LNH
833,Darlene Canner,dcannern4@loc.gov,Female,UKU,EOR
834,Padget Gavahan,pgavahann5@free.fr,Male,NDJ,LNM
835,Elissa Jeanin,ejeaninn6@hp.com,Female,CRK,MJV
836,Kim Legges,kleggesn7@edublogs.org,Female,NRY,SLP
837,Anet Emberson,aembersonn8@soup.io,Female,LML,MQD
838,Kev Suatt,ksuattn9@altervista.org,Genderqueer,TNM,HOG
839,Orson Malzard,omalzardna@arstechnica.com,Male,FAE,ABF
840,Clive Burnitt,cburnittnb@gov.uk,Male,ALJ,RVR
841,Guglielmo Kerton,gkertonnc@tmall.com,Male,IFA,PDL
842,Saw Crich,scrichnd@netvibes.com,Male,NJF,HWD
843,Rhodie O'Donohue,rodonohuene@wikimedia.org,Non-binary,RYG,SOH
844,Randie Greg,rgregnf@columbia.edu,Polygender,TSD,BVC
845,Freda Newick,fnewickng@hud.gov,Female,IRZ,KYU
846,Alleyn Snowden,asnowdennh@paginegialle.it,Male,VDA,SXG
847,Jessie Hassall,jhassallni@techcrunch.com,Male,TYA,JUI
848,Tyrus Ferson,tfersonnj@reference.com,Male,URT,DQH
849,Saba Creeboe,screeboenk@xrea.com,Female,BYB,STE
850,Diego Maymond,dmaymondnl@jiathis.com,Male,MXF,DIY
851,Delmore Mabone,dmabonenm@google.com.hk,Male,ETM,ECV
852,Madelene Skrines,mskrinesnn@japanpost.jp,Female,0,AIA
853,Jaime Koppke,jkoppkeno@shinystat.com,Male,TCC,DNO
854,Angelle Feore,afeorenp@imgur.com,Female,PYR,FAE
855,Aguie Grantham,agranthamnq@dot.gov,Male,HDM,RLK
856,Dorie Moggle,dmogglenr@boston.com,Female,HOA,LNO
857,Putnam Arson,parsonns@is.gd,Male,GTE,MBO
858,Philis Drife,pdrifent@geocities.jp,Female,EVG,JAU
859,Shannan Wigelsworth,swigelsworthnu@weibo.com,Male,HGE,QPW
860,Norris Luscombe,nluscombenv@thetimes.co.uk,Male,LIG,KKW
861,Orland Dodwell,ododwellnw@utexas.edu,Male,BIO,SSQ
862,Dukie Dadds,ddaddsnx@amazon.de,Male,ISM,PRP
863,Gus Gabel,ggabelny@businesswire.com,Male,PQQ,PGH
864,Celisse Saterweyte,csaterweytenz@blogs.com,Female,BZA,WON
865,Paulo Kolodziejski,pkolodziejskio0@cdbaby.com,Male,IUE,BSL
866,Bern Barabisch,bbarabischo1@virginia.edu,Male,AHI,NGZ
867,Alyss Longley,alongleyo2@smh.com.au,Non-binary,SAQ,JCJ
868,Rebbecca Dibbe,rdibbeo3@squarespace.com,Female,INL,BID
869,Benito Tough,btougho4@gravatar.com,Male,THY,ATE
870,Angie Jeffrey,ajeffreyo5@shinystat.com,Female,VCR,PBO
871,Jaquelin Freckelton,jfreckeltono6@simplemachines.org,Female,MEV,PCH
872,Athena Nairne,anairneo7@soundcloud.com,Female,EWB,0
873,Drake Jemmett,djemmetto8@51.la,Male,FLW,MGV
874,Alana Caldecourt,acaldecourto9@google.cn,Female,NYM,BID
875,Annadiana Antos,aantosoa@fema.gov,Agender,GWS,BVH
876,Gussie Ferrucci,gferrucciob@cam.ac.uk,Female,MVE,PUE
877,Shandra Espinazo,sespinazooc@xrea.com,Female,PCR,MZP
878,Indira Divall,idivallod@dot.gov,Genderfluid,DUE,AAC
879,Collette Bullocke,cbullockeoe@theglobeandmail.com,Female,NUK,FOT
880,Garreth Mulmuray,gmulmurayof@admin.ch,Male,TTX,FSZ
881,Kahlil Fewster,kfewsterog@fastcompany.com,Bigender,YJN,ZQN
882,Maud Kingscote,mkingscoteoh@nhs.uk,Female,GXX,PUC
883,Brier MacBrearty,bmacbreartyoi@weibo.com,Female,SOC,HNL
884,Stephine Kinnett,skinnettoj@hao123.com,Female,ISG,BMF
885,Solomon Bolan,sbolanok@usgs.gov,Male,BTG,SYU
886,Miriam Dulen,mdulenol@stumbleupon.com,Female,NCH,RCL
887,Wash Birkby,wbirkbyom@yale.edu,Male,ESM,LYM
888,Galina Normanton,gnormantonon@multiply.com,Female,AXE,VNA
889,Hugues Dawdary,hdawdaryoo@twitter.com,Male,MNA,YPH
890,Roderich Lacheze,rlachezeop@bigcartel.com,Male,CDT,MVB
891,Dennie Balazin,dbalazinoq@nasa.gov,Female,CYL,BLE
892,Baldwin Biles,bbilesor@wikipedia.org,Male,PBP,KES
893,Gabriele Zylbermann,gzylbermannos@walmart.com,Male,LEY,CEJ
894,Moises Currm,mcurrmot@sphinn.com,Male,CZU,MQA
895,Delcine Pressman,dpressmanou@webs.com,Female,OUR,MGP
896,Brandy Yuryev,byuryevov@imageshack.us,Female,YGZ,EKO
897,Donna Fawltey,dfawlteyow@vk.com,Female,OKJ,GRT
898,Marielle Galer,mgalerox@jiathis.com,Female,XUZ,KKT
899,Celie Hollier,chollieroy@rakuten.co.jp,Female,DOI,RSU
900,Percy Kenington,pkeningtonoz@dell.com,Male,LPG,ODA
901,Simone Allport,sallportp0@va.gov,Male,GDH,LGD
902,Ambrosio Campa,acampap1@gmpg.org,Male,SSE,LYT
903,Corty Lehmann,clehmannp2@hugedomains.com,Bigender,YVP,HAZ
904,Cooper Jarman,cjarmanp3@unesco.org,Male,HDM,MYS
905,Wilie Breinlein,wbreinleinp4@mac.com,Female,ELD,DTR
906,Harriette Roxby,hroxbyp5@sogou.com,Female,HIR,CDG
907,Teri Drexel,tdrexelp6@behance.net,Female,ALN,LOM
908,Svend Rickerby,srickerbyp7@nhs.uk,Male,DEL,RAQ
909,Candy Crosdill,ccrosdillp8@chicagotribune.com,Female,TLA,BXV
910,Pavel Zorzetti,pzorzettip9@thetimes.co.uk,Male,HKA,MEJ
911,Boycie Cornier,bcornierpa@newyorker.com,Male,SQR,VDE
912,Maire MacDuff,mmacduffpb@alibaba.com,Female,AYR,QDJ
913,Pavla Hanalan,phanalanpc@t.co,Female,ANN,URA
914,Madelin Sindle,msindlepd@studiopress.com,Female,WEW,NMS
915,Dynah McCurley,dmccurleype@slideshare.net,Female,KOA,BVC
916,Eulalie Higbin,ehigbinpf@rakuten.co.jp,Female,CLJ,AOI
917,Clarinda Mougel,cmougelpg@goodreads.com,Female,LKO,ABJ
918,Cairistiona Coffin,ccoffinph@ovh.net,Female,CGH,SSZ
919,Ollie Coppard,ocoppardpi@stumbleupon.com,Female,LIC,GNB
920,Amaleta Skalls,askallspj@cloudflare.com,Genderqueer,BLQ,UHE
921,Nolly Counter,ncounterpk@ow.ly,Male,TOP,BQN
922,Efrem Bullene,ebullenepl@etsy.com,Male,SOK,DJO
923,Lowe Bang,lbangpm@discovery.com,Male,RWI,ERA
924,Rora Mariel,rmarielpn@over-blog.com,Female,XMC,0
925,Hastie Arens,harenspo@hc360.com,Male,BSO,WHP
926,Dimitri Goldes,dgoldespp@msu.edu,Male,ERT,EOK
927,Joya Croall,jcroallpq@prweb.com,Female,PCH,ILR
928,Tito Escott,tescottpr@cocolog-nifty.com,Male,LSP,JOI
929,Cliff Arnli,carnlips@imdb.com,Polygender,HRY,HUY
930,Kevon Eidler,keidlerpt@arizona.edu,Male,DUQ,HYR
931,Gerianna Makin,gmakinpu@t-online.de,Female,YWY,MPW
932,Halsey Mann,hmannpv@google.de,Male,XYA,RKZ
933,Corny MacBey,cmacbeypw@goo.gl,Male,SNU,VRE
934,Holmes Sutherel,hsutherelpx@histats.com,Male,DGR,IMO
935,Harald Hamsley,hhamsleypy@reddit.com,Male,FEA,RGE
936,Alyce Beglin,abeglinpz@ehow.com,Female,MPF,OMF
937,Wilden Helsby,whelsbyq0@google.es,Male,GDM,PHO
938,Dorthy Emeny,demenyq1@pagesperso-orange.fr,Female,KGU,CJS
939,Vidovik Santarelli,vsantarelliq2@godaddy.com,Male,SFK,YBP
940,Eldin Goare,egoareq3@gravatar.com,Genderqueer,PGN,TED
941,Winny Swin,wswinq4@google.com,Male,YQM,EZE
942,Giffy Fulger,gfulgerq5@skyrock.com,Male,KBA,HUA
943,Carolina Timblett,ctimblettq6@senate.gov,Female,KET,ZNA
944,Natividad Westby,nwestbyq7@google.com,Female,DWR,JEF
945,Shaun Trimble,strimbleq8@walmart.com,Female,ILG,GBD
946,Enrica Murdoch,emurdochq9@samsung.com,Female,PTG,EIE
947,Ibbie Titterell,ititterellqa@mozilla.com,Female,NUU,SSD
948,Amandy Dunnett,adunnettqb@vistaprint.com,Female,SJH,GLZ
949,Pauli Klimkowski,pklimkowskiqc@sphinn.com,Female,WAI,JUL
950,Chad Widdop,cwiddopqd@taobao.com,Male,TAO,EKD
951,Timothee Logie,tlogieqe@spotify.com,Male,CMT,BQQ
952,Sada Kennsley,skennsleyqf@liveinternet.ru,Female,THV,DOU
953,Melly Knutton,mknuttonqg@loc.gov,Female,NDM,DCU
954,Shirley Mayoh,smayohqh@forbes.com,Female,UCB,NIO
955,Caleb De Souza,cdeqi@about.me,Bigender,CPV,AMF
956,Garvy Chaster,gchasterqj@msn.com,Male,BQA,CHA
957,Adora MacWhan,amacwhanqk@nps.gov,Female,APR,AHL
958,Fabian Aujouanet,faujouanetql@github.io,Male,MZD,HDE
959,Constancia Hartlebury,chartleburyqm@rakuten.co.jp,Female,DEH,ASR
960,Ericka Simonazzi,esimonazziqn@altervista.org,Female,COP,IXG
961,Joelynn Lorkin,jlorkinqo@virginia.edu,Female,UVO,LRG
962,Kimble Fakes,kfakesqp@mit.edu,Male,YOG,AXU
963,Merrile Neilands,mneilandsqq@storify.com,Female,BCZ,LNZ
964,Barclay Verna,bvernaqr@nba.com,Male,SCV,QKX
965,Grantley Marushak,gmarushakqs@twitter.com,Male,AEP,KGI
966,Udall Allcott,uallcottqt@ed.gov,Male,FAE,0
967,Hayden Czapla,hczaplaqu@si.edu,Male,OAA,YLS
968,Bronnie Lippard,blippardqv@yellowpages.com,Male,CEH,FIN
969,Berny Barnaclough,bbarnacloughqw@shareasale.com,Male,ADS,MJC
970,Pippo Southgate,psouthgateqx@sbwire.com,Male,AUH,TDL
971,Sharron Briscoe,sbriscoeqy@nsw.gov.au,Genderfluid,GOZ,ASA
972,Kirk Lodovichi,klodovichiqz@pbs.org,Male,LMN,JIC
973,Alvinia O'Shirine,aoshiriner0@skyrock.com,Female,OKC,LMN
974,Damiano Matusov,dmatusovr1@gizmodo.com,Male,KNG,WUD
975,Corly Sydall,csydallr2@theglobeandmail.com,Female,ACC,FNE
976,Eleanor Caveill,ecaveillr3@nymag.com,Female,SDQ,LIZ
977,Ossie Bloschke,obloschker4@webeden.co.uk,Male,IFF,BYJ
978,Law Quail,lquailr5@hc360.com,Male,BAS,TJH
979,Loren Bleaden,lbleadenr6@noaa.gov,Male,LSI,BIP
980,Rosabelle Mateescu,rmateescur7@ameblo.jp,Female,TNJ,OKI
981,Nap Hamprecht,nhamprechtr8@netvibes.com,Male,UTH,RTG
982,Zorah Pawle,zpawler9@abc.net.au,Female,NRE,BDR
983,Julietta Leipnik,jleipnikra@msn.com,Female,KNU,SVT
984,Kaine Evershed,kevershedrb@marriott.com,Male,CPP,PTQ
985,Augusta Vallery,avalleryrc@irs.gov,Female,CVI,DJM
986,Hobey O' Driscoll,hord@ebay.com,Male,KUD,TUS
987,Iorgos Lidyard,ilidyardre@cbsnews.com,Genderfluid,PLS,YEN
988,Jocko Iban,jibanrf@g.co,Male,ANO,GVT
989,Noah Moohan,nmoohanrg@telegraph.co.uk,Male,FRN,HLI
990,Hallsy Wimpeney,hwimpeneyrh@g.co,Male,OFJ,DHB
991,Jamaal Bowyer,jbowyerri@ucoz.ru,Male,PWO,CAP
992,Ford O'Shirine,foshirinerj@skyrock.com,Male,TEC,TZL
993,Conway Edards,cedardsrk@printfriendly.com,Male,BWC,EVA
994,Carmencita Duffet,cduffetrl@github.com,Female,WST,GSU
995,Jordain Swiffan,jswiffanrm@google.com.au,Bigender,TME,LGP
996,Meredithe Corbie,mcorbiern@posterous.com,Female,AEH,ELE
997,Alric McLaren,amclarenro@salon.com,Male,IAO,ECG
998,Irwinn Carrick,icarrickrp@feedburner.com,Male,BDE,AUD
999,Natalee Squires,nsquiresrq@springer.com,Polygender,XLS,VNA
1000,Wes Chidgey,wchidgeyrr@webeden.co.uk,Male,NBL,KAY
